Date,US Production,US Import,US Exports,US Net Import,Inventory,Adjustment,Import from OPEC,Crude Oil and Liquid Fuels Supply,OPEC Production Capacity,Net Inventory Withdrawals,OPEC Production,Value,Nominal
11/30/18,11759240.67,7903000,2326000,5177133.333,442989428.6,149783.136,2435000,19010867.26,33009000,-1250585.983,32219000,45.41,45.41
10/31/18,11536968,7312000,2326000,4986548,432459000,245032.161,2411000,18629446.16,33411000,-1838287.259,32381000,50.78,50.93
9/30/18,11458325,7589000,2116000,5473100,416141000,363642,2673000,18650827.67,33386000,-1664979.654,32106000,64.85,65.31
8/31/18,11325000,8000000,1749000,6250786,406854000,-43366.194,2551000,18577317.97,33340000,8173.71,31960000,72.88,73.25
7/31/18,10935972,7923000,2139000,5784633,409325000,456460.032,2670000,17978907.16,33084341,-270203.822,31724000,69.52,69.8
6/30/18,10672361,8480000,2200000,6279952,414837000,93720.667,2731000,17598395.67,33196096,659474.334,31666000,68.55,68.76
5/31/18,10463893,7825000,2005000,5819209,433277000,526124.258,2472000,17324516.84,33549000,-167501.551,31669000,73.93,74.15
4/30/18,10475008,8244000,1756000,6488717,435057000,139308,3235000,17246079,33720000,-653511.228,31800000,66.97,67.04
3/31/18,10461343,7616000,1671000,5944302,423448000,257257.903,2523000,17156125.77,33800254,489123.941,31870000,68.78,68.57
2/28/18,10248239,7493000,1605000,5887682,423520000,-31171.429,2432000,16773845.71,33959000,741017.359,32089000,65.39,64.94
1/31/18,9994559,8012000,1342000,6670863,419902000,-77196,2695000,16365984.45,34004000,-924873.709,32234000,62.19,61.64
12/31/17,10040424,7782000,1522000,6260039,421646000,10859.484,2641000,16586373.39,34047000,316468.716,31997000,65.64,64.73
11/30/17,10103263,7674000,1544000,6130219,453054000,127784.667,2794000,16851133.33,34182000,1405592.741,32132000,61.57,60.42
10/31/17,9703113,7681000,1720000,5960710,459731000,-71855.806,2911000,16227120.36,34406000,-561238.383,32396000,58.49,57.4
9/30/17,9495195,7324000,1463000,5860284,469588000,252954.333,2570000,15609618,34424000,1295130.286,32594000,55.41,54.38
8/31/17,9243596,7923000,817000,7105587,459982000,-127150.871,2881000,15568833.29,34393000,830786.539,32453000,52.6,51.67
7/31/17,9230055,7915000,956000,6958941,483411000,533713.065,3189000,15554008.68,34496000,-384405.593,32591000,48.32,47.23
6/30/17,9073813,8089000,865000,7224146,501557000,220940.333,3348000,15464704.33,34225000,2157762.988,32370000,51.47,50.17
5/31/17,9167862,8487000,1098000,7388951,516808000,285348.194,3440000,15464295.39,34032000,1425417.297,31932000,47.24,46.04
4/30/17,9084755,8204000,1128000,7076572,524286000,225372.667,3516000,15255641,33664000,-190092.011,31424000,49.62,48.32
3/31/17,9140288,8165000,930000,7234948,538595000,-9204.226,3357000,15337290.71,33611000,1810191.685,31346000,50.66,49.33
2/28/17,9083453,7877000,1146000,6730914,525419000,334740,3177000,15155421.29,33897000,-194395.598,31727000,52.12,50.6
1/31/17,8840093,8478000,711000,7766618,506798000,226739.806,3579000,14741446.42,33836000,-1710885.096,31846000,55.68,54.01
12/31/16,8777924,7817000,468000,7348939,484622000,191782.194,3292000,14713972.39,33844000,999027.347,32793708,54.66,52.81
11/30/16,8888274,8023000,606000,7417357,490734000,-86131.333,3242000,14985661.33,33885660,-1537888.383,32935315,55.92,53.72
10/31/16,8787154,7570000,502000,7068196,491203000,233295.323,3110000,14760360.9,33551327,-2411919.493,32551327,51.47,49.44
9/30/16,8518832,8040000,775000,7265749,471537000,50552,3314000,14441927.33,33286000,192987.907,32295520,48.69,46.86
8/31/16,8670220,8016000,720000,7295189,486675000,409042.774,3118000,14635611.68,33183000,2489230.784,32232743,50.22,48.24
7/31/16,8634994,8096000,536000,7560462,493458000,186931.548,3468000,14832969.55,33275000,-1713480.941,32354995,46.62,44.7
6/30/16,8670494,7560000,530000,7029576,500857000,365596.667,3024000,14827207,33325463,61764.509,32275463,43.43,41.6
5/31/16,8823986,7927000,788000,7139835,511861000,354760.194,3422000,15027552.1,33097351,-143729.187,31847351,50.36,48.33
4/30/16,8865782,7611000,624000,6987679,509323000,217039.333,3091000,14857672.67,33181403,-18014.754,31821058,51.36,49.1
3/31/16,9080962,8012000,596000,7416506,504811000,-6757.935,3271000,15031519.13,33162000,102600.679,31711545,48.22,45.92
2/29/16,9054658,7914000,454000,7459678,492153000,31388.552,2979000,14831548.38,33056000,1274315.163,31605530,40.45,38.34
1/31/16,9196963,7615000,490000,7125462,471767000,356090.806,2816000,14997329.71,33374000,-4631742.924,32023542,35.78,33.75
12/31/15,9251345,7902000,392000,7509764,449220000,-238206.161,3074000,15119084.03,33087356,921099.321,31637356,35.64,33.62
11/30/15,9317513,7371000,320000,7051253,455994000,115200.333,2899000,15230202.67,33103460,-2906705.329,31653450,39.34,37.04
10/31/15,9388053,7102000,500000,6602188,455213000,290984.839,2705000,15218241.29,32879985,-2078703.021,31529556,44.11,41.65
9/30/15,9459909,7228000,410000,6817453,429129000,-628.667,2603000,15238064.67,33055975,-44670.012,31755618,49.2,46.59
8/31/15,9400191,7717000,461000,7255682,425853000,77900.387,2505000,15220453.42,32925132,-1593566.675,31624685,47.62,45.09
7/31/15,9429809,7360000,546000,6813755,424809000,223532.613,2729000,15228178.68,33028797,-155893.348,31838521,51.86,49.2
6/30/15,9344201,7321000,445000,6875438,438810000,194660.667,2671000,15048440.67,32734044,486791.14,31633791,49.62,47.12
5/31/15,9463614,7245000,527000,6718266,448961000,143796.516,2861000,15211940.29,32485193,-3706412.301,31184722,62.62,59.47
4/30/15,9649510,7208000,599000,6608664,452713000,331626,2541000,15351193,32489893,-801832.592,30939562,63.68,60.3
3/31/15,9577511,7592000,438000,7154665,443200000,-192692.129,2639000,15077128.42,32340763,-2529528.096,30790761,63.33,59.63
2/28/15,9510540,7100000,442000,6658115,415313000,104951.714,2518000,14942316.14,31908182,1369570.6,29958182,50.65,47.6
1/31/15,9384921,7171000,495000,6676533,389213000,309029.839,2316000,14775651.39,32114723,-1982861.986,30064393,53.24,49.76
12/31/14,9466795,7225000,421000,6804018,360865000,331509.323,2516000,15097017.23,32510075,490588.626,30459734,51.86,48.24
11/30/14,9302771,7295000,521000,6774190,356729000,133438.667,2677000,14895369.33,32239837,-1907163.13,30189814,57,53.27
10/31/14,9220514,7148000,376000,6772469,351717000,-1015.516,2458000,14712561.77,32761185,-2326001.927,30735686,70.38,66.15
9/30/14,9040839,7495000,349000,7145725,332155000,-77197.333,2899000,14519540,32645219,340783.133,30444545,85.21,80.54
8/31/14,8885664,7473000,391000,7081072,331076000,246488.968,2994000,14453742.03,32297334,-710609.68,30196977,96.17,91.16
7/31/14,8782362,7630000,421000,7209336,338737000,40559.452,3359000,14315557.39,31899755,-143016.932,29899134,101.33,95.96
6/30/14,8717513,7068000,394000,6673052,354305000,54901.667,3036000,14259193,31795452,-346936.793,29644889,103.47,98.17
5/31/14,8612322,7167000,309000,6858385,365460000,403163.581,3108000,13856102.55,31765393,-349615.858,29615393,111.06,105.37
4/30/14,8572724,7555000,282000,7273037,365339000,276305.333,3485000,13862981,31469195,771067.138,29318847,108.46,102.71
3/31/14,8274409,7274000,251000,7022362,354987000,131002.258,3180000,13323953.52,31629657,-760620.97,29479428,105.72,99.74
2/28/14,8135827,7199000,247000,6952318,345274000,362140.286,3168000,13102897.14,31919991,1308722.529,29969991,107.98,101.58
1/31/14,8050528,7589000,248000,7341001,336238000,211373.71,3198000,13059856.13,31733138,523655.584,29832914,109.77,102.59
12/31/13,7898898,7772000,220000,7551144,327191000,71473.806,3400000,13057198.52,31308234,1224587.568,29307968,104.7,97.49
11/30/13,7872713,7408000,253000,7155651,344172000,323768.667,3336000,13047544.33,31117576,1457168.648,29117231,106.1,98.42
10/31/13,7699250,7478000,119000,7359463,352597000,209222.452,3234000,12812249.13,31621294,180192.581,29621294,99.95,92.72
9/30/13,7783720,7923000,105000,7817916,344016000,263797.333,3690000,12922760,31353464,486361.635,29652659,103.7,96.38
8/31/13,7531136,8099000,71000,8028600,337127000,160424.742,3623000,12598895.55,32068655,-433259.619,30468406,109.8,102.33
7/31/13,7482770,8058000,104000,7953914,339391000,301251.065,3554000,12474230.81,32198687,1439750.282,30398687,115.62,107.65
6/30/13,7267667,7731000,124000,7606894,348807000,475238.667,3620000,12117975.67,32275709,373993.982,30275234,113.01,105.03
5/31/13,7316471,7741000,130000,7610845,363304000,240392.968,3784000,12131677.23,32693188,52824.965,30392743,103.9,96.56
4/30/13,7355457,7760000,138000,7621869,367555000,-15093,3517000,12145509.33,32822548,-160095.056,30422203,99.24,91.97
3/31/13,7207984,7497000,107000,7389946,364621000,357004.581,3578000,11839740.1,32659235,19159.579,29959029,100.94,93.46
2/28/13,7144409,7293000,132000,7160206,356799000,199634.857,2946000,11688682.71,32496861,1610695.693,29796704,104.91,97.23
1/31/13,7024792,7956000,109000,7846602,349294000,84056.806,3591000,11542640.39,32612713,1328725.586,29912671,99.6,92.05
12/31/12,7088358,7604000,71000,7533150,337796000,247458.935,3410000,11757419.1,32747137,402691.718,30147137,106.36,97.49
11/30/12,7036556,8183000,73000,8109518,352411000,35226,3984000,11719290,32865191,1127435.417,30565191,100.45,91.82
10/31/12,6945839,8108000,67000,8040614,349531000,56643.161,3998000,11546925.16,32727629,1655121.385,30647587,97,88.91
9/30/12,6563396,8381000,68000,8313090,343342000,232080.333,4063000,11160100.33,33189293,-331747.261,31109293,93.66,86.24
8/31/12,6328607,8665000,60000,8604313,336391000,59853.548,4142000,10895258,33174413,354319.739,31324089,100.12,92.19
7/31/12,6421037,8712000,77000,8634615,346677000,110379.935,4160000,10934518.45,33088404,574232.244,31138129,105.25,96.47
6/30/12,6268959,9193000,46000,9146965,362153000,167075.667,4415000,10904917.67,33192346,111521.908,31252346,96.6,88.06
5/31/12,6351281,8991000,83000,8908021,363759000,53955.645,4447000,11043762.55,33380421,-408246.092,31160421,93.03,84.96
4/30/12,6295944,8636000,41000,8594964,357045000,33091.667,4090000,10864739.67,33582119,-2895019.191,31562119,94.58,86.53
3/31/12,6300588,8771000,71000,8699726,347608000,273685.677,4066000,10920125.48,33337096,-885311.842,31317096,114.52,104.87
2/29/12,6245478,8562000,73000,8488601,322879000,53610.345,3788000,10914778.14,33208257,761144.839,31107874,112.81,103.02
1/31/12,6160738,8527000,78000,8449113,317882000,75858.161,3814000,10812382.16,33117787,-3120068.173,30817156,118.21,107.07
12/31/11,6031998,8711000,53000,8657789,308221000,-53367.71,3816000,10806935.16,33155830,369693.19,30605830,109.12,98.48
11/30/11,6001212,8724000,64000,8660024,314602000,288163.333,3863000,10748802.33,33176463,1045379.705,30626059,110,98.83
10/31/11,5885886,8907000,51000,8856685,314922000,42461.097,4053000,10481773.87,32669955,22694.04,29769543,111.5,100.36
9/30/11,5582926,8914000,35000,8878177,308245000,244596.667,4032000,10059894.33,32739602,1352902.663,30088867,103.44,93.19
8/31/11,5651324,8936000,34000,8901915,324817000,317889.258,4323000,10231731.52,32471948,1503369.694,30021592,87.67,79.2
7/31/11,5429867,9276000,73000,9203215,324292000,384595.323,4580000,9920287.871,32534314,159560.332,29933665,98.49,88.81
6/30/11,5578260,9235000,36000,9199456,333699000,103650,4574000,10054356.67,32450311,994507.579,29649944,106.42,95.7
5/31/11,5612896,9059000,37000,9022331,346072000,136095.129,4299000,10091362.1,32505961,-61281.763,29005335,106.2,95.42
4/30/11,5552355,8839000,41000,8797993,344413000,79951.333,4097000,9928141,32423154,-329645.839,28923144,114.2,102.7
3/31/11,5611640,9183000,36000,9146803,338421000,67201.355,4198000,10000957.29,32574625,1213856.03,28874062,127.26,113.93
2/28/11,5399448,8184000,30000,8153338,326814000,243034.714,4101000,9491166.143,33781800,1709061.72,30081720,119.95,106.72
1/31/11,5491913,9183000,72000,9111304,323459000,186524.484,4551000,9785977.29,34247865,-2037543.358,30547865,110.06,96.97
12/31/10,5602384,8695000,40000,8654970,312082000,94161.355,4180000,10061736.61,33906646,2818899.826,29956646,105.19,92.19
11/30/10,5567249,8699000,32000,8667109,331442000,-110391.333,4182000,9914310.667,33779937,1090766.661,29929854,104.72,91.38
10/31/10,5620683,8540000,23000,8516066,346830000,10024.935,3987000,9842475.839,33838628,-745516.847,29788628,96.56,84.11
9/30/10,5610999,9229000,61000,9167485,342318000,79349,4745000,9860695,33845053,1633814.652,30295053,93.56,81.43
8/31/10,5441510,9543000,36000,9507240,338719000,215926.935,4727000,9713484.774,33860085,560280.417,30310085,91.97,79.97
7/31/10,5298852,9932000,69000,9863030,337017000,99762.677,4834000,9498116.516,33896759,-819910.781,30346424,82.78,71.92
6/30/10,5380881,9927000,31000,9895907,344988000,228445.333,4997000,9546569,34149663,1472045.906,30399380,90.95,78.95
5/31/10,5391330,9655000,36000,9618796,341282000,161163.548,4711000,9622751,34051737,-2665573.108,29801737,87.2,75.63
4/30/10,5382854,9726000,37000,9689030,342635000,198549,4971000,9519225,34057930,-656994.366,29807930,85.21,73.97
3/31/10,5505852,9341000,45000,9296352,338442000,29634.29,4758000,9675583.226,33867331,567512.375,29667331,99.24,86.15
2/28/10,5547738,8761000,58000,8702889,322375000,-77055.571,4287000,9679956.714,33896343,1291509.578,29596343,96.66,83.76
1/31/10,5389579,8492000,33000,8459378,316104000,106558.258,4251000,9363940.194,33940759,-2885483.247,29440759,92.33,79.66
12/31/09,5438358,8170000,65000,8104439,307140000,78718.774,3834000,9408390.161,33952753,1945754.258,29452753,84.48,72.89
11/30/09,5378166,8740000,46000,8694522,318846000,7745.333,4228000,9296509,33877944,-1672438.183,29477944,92.3,79.36
10/31/09,5515125,8566000,72000,8493402,314409000,633.968,4277000,9394657.71,33839778,-192734.281,29439778,89.72,77.28
9/30/09,5555153,9254000,42000,9211785,317074000,-39405,4626000,9473942.667,33796213,76800.129,29396213,89.47,77
8/31/09,5406019,8814000,35000,8778829,317546000,95861.516,4232000,9270907.226,33282641,-521838.689,29382641,82.12,70.61
7/31/09,5389262,9094000,31000,9062588,327214000,137827.581,4223000,9192618.839,32793182,360786.071,29293182,81.43,69.96
6/30/09,5263385,9135000,57000,9078519,328657000,173362.333,4300000,9121284.333,32507485,1019611.609,29057485,81.05,69.45
5/31/09,5373846,8797000,53000,8744568,341106000,101199,3941000,9148028.903,32371246,-1455732.415,28971246,81.42,69.89
4/30/09,5278005,9374000,27000,9347310,352171000,81285,4384000,8966793.667,32355387,-461324.269,28955387,77.91,66.31
3/31/09,5209781,9378000,30000,9347904,348428000,89863.774,4714000,8851882.839,32161230,712298.022,28811230,60.22,51.12
2/28/09,5235857,9074000,30000,9043865,339285000,135670.857,4482000,8789336.286,32268175,411347.717,28918175,58.65,49.66
1/31/09,5137764,9779000,36000,9742398,333154000,132837.71,5032000,8615863.419,32326996,-351545.113,29076512,53,44.76
12/31/08,5102691,9419000,46000,9373598,308245000,12356.355,5099000,8529430.807,32547642,321833.455,30047642,49.6,41.68
11/30/08,5078097,9944000,31000,9913099,304011000,-90129.667,5243000,8679522.333,32493662,-2662664.633,30693662,53.3,44.6
10/31/08,4737689,10086000,43000,10043857,295160000,31969.774,5313000,8337215.903,32652874,65437.232,31402874,64.39,54.43
9/30/08,3973586,8447000,39000,8407444,286462000,267370.333,4549000,7124479.333,32564303,883000.462,31364303,78.66,67.81
8/31/08,5002976,10324000,40000,10284342,285014000,-108963.484,5825000,8716539.774,32665679,-1098186.726,31665679,115.53,100.64
7/31/08,5176795,10132000,29000,10103153,277848000,3052.387,5588000,8874416.452,32756686,-881185.345,31856686,132.43,115.46
6/30/08,5137750,10018000,22000,9995647,278254000,77536.333,5560000,8745016.333,32642042,-786933.806,31492042,141.7,124.08
5/31/08,5143142,9664000,19000,9645254,286150000,45507.71,5484000,8891120.129,32616305,-36306.891,31416305,160.72,140
4/30/08,5180109,9979000,14000,9965118,302239000,-142460,5660000,8752081.667,32568685,1806313.859,31068685,147.73,127.35
3/31/08,5189292,9636000,29000,9606507,297218000,24523.29,5474000,8736441.387,32758402,1320889.914,31358402,132.63,113.46
2/29/08,5148172,9636000,20000,9615883,284627000,80875.621,5317000,8683601.448,32558206,1784732.991,31158206,119.56,101.58
1/31/08,5115037,10082000,12000,10070067,278727000,-2103.806,5836000,8669419.323,32425857,1227958.568,31075857,120.88,101.84
12/31/07,5110551,9835000,20000,9814336,268393000,-121112.839,5601000,8713590.936,32661297,2438788.618,31111217,109.18,91.75
11/30/07,5034018,10004000,20000,9983742,282180000,-82559.667,5341000,8595104.333,32022662,2427723.414,30442622,114.79,95.98
10/31/07,5021935,9784000,11000,9773558,290033000,51087.871,5118000,8479144.677,32388915,2022460.224,30588915,106.01,88.71
9/30/07,4902036,10307000,34000,10272908,294041000,-184477.333,5609000,8343158,32305443,1545307.65,30405443,113.63,94.53
8/31/07,4969682,10316000,42000,10274117,303470000,-69637.516,5556000,8374829.323,31904862,2341830.941,29764862,98.4,81.66
7/31/07,5037919,9939000,27000,9912838,319480000,156791.839,5258000,8462588.161,31987968,1902917.272,29782968,89.44,74.04
6/30/07,5075147,10015000,52000,9962392,336953000,239027.333,5531000,8461216.667,31771939,2347813.897,29521939,94.32,78.21
5/31/07,5211217,10328000,36000,10291973,336088000,269874.935,5439000,8551600.097,31951995,1078541.643,29651995,85.24,70.68
4/30/07,5180232,10161000,19000,10141388,324791000,125046.333,5290000,8473895.667,32117057,137483.021,29817057,77.32,64.01
3/31/07,5119257,10380000,34000,10346266,313541000,-198071.129,5665000,8417409.226,31889079,2535423.096,29589079,79.9,65.71
2/28/07,5117898,9009000,25000,8983397,300287000,82169.429,4739000,8336659.143,31935229,3034967.311,29535229,80.56,65.87
1/31/07,5107808,10211000,9000,10201427,307333000,53765.355,5451000,8374336.548,31656089,1603956.483,29476089,76.31,61.79
12/31/06,5186066,9555000,27000,9528387,295819000,-82163.613,4608000,8491238.29,31896248,1643873.929,29796248,72.15,58.14
11/30/06,5064209,9888000,24000,9863767,318184000,-77009.667,4634000,8298834.333,31864447,1962786.131,29864447,76.01,61.05
10/31/06,5108156,10106000,37000,10068394,322917000,59965.645,4784000,8375226.097,31986180,691843.327,30236180,78.72,63.13
9/30/06,5030850,10710000,21000,10688908,316599000,18408.333,5076000,8347531.667,32030330,653418.894,30480330,73.12,58.73
8/31/06,5039729,10564000,15000,10548510,316622000,243889.419,4910000,8387594.452,32082208,731172.43,30832208,77.88,62.91
7/31/06,5094173,10229000,13000,10216124,315387000,226251.065,4766000,8376457.677,31978898,-1369568.801,30728898,86.56,70.26
6/30/06,5162796,10712000,33000,10679387,320523000,-149650.333,4901000,8391029.667,31851749,1115283.935,30401749,91.88,74.4
5/31/06,5150561,10303000,27000,10276497,324286000,-112703.226,5010000,8349227.871,31554685,-619605.439,30169685,91.53,73.93
4/30/06,5081652,9859000,26000,9832671,331258000,235843.667,4855000,8234813.333,31716317,-1655966.152,30491317,88.47,71.29
3/31/06,5027168,9750000,29000,9720581,326417000,-123362.613,4460000,8089312.774,31695347,2083218.134,30470347,89.63,71.88
2/28/06,5031930,9983000,15000,9968376,326383000,312014.714,4785000,8207203.571,31693417,2479595.077,30643417,83.75,66.63
1/31/06,5047728,9766000,27000,9739112,307204000,-31356.613,4624000,8213571.097,31706542,-288743.784,30606542,77.62,61.41
12/31/05,4988080,9996000,24000,9971846,307651000,93396.452,4727000,7934130.71,31913375,1992309.766,30913375,86.05,67.92
11/30/05,4856946,10262000,48000,10213573,306323000,-15652.333,4641000,7938635.667,31984721,-430234.783,30984721,77.95,61.04
10/31/05,4554823,9444000,17000,9426483,306035000,-100145.484,4396000,7386223.903,32029591,-2418317.187,31029591,72.85,57.32
9/30/05,4213898,9155000,24000,9130775,290327000,297293,4270000,7070017.333,32284221,-359625.323,31384221,75.36,59.76
8/31/05,5198472,10404000,17000,10386930,293574000,-144273.484,4873000,8379655.323,31940822,278455.437,30990822,83.73,66.24
7/31/05,5253345,10377000,34000,10343191,302400000,25656.742,5215000,8366109.742,32031853,-1361478.483,31031853,88.17,68.94
6/30/05,5442097,10765000,21000,10743782,311882000,25987.333,5047000,8709174.333,31884797,330289.043,30784797,77.89,60.57
5/31/05,5596478,10432000,55000,10377622,320029000,-56906.516,5021000,8933324.903,31742889,-3545864.11,30642889,73,56.5
4/30/05,5562827,10224000,45000,10179631,321717000,482441.667,4993000,8887112.333,31662238,-2385211.4,30762238,67.15,51.97
3/31/05,5600835,10242000,36000,10206006,303506000,169738.839,4676000,8853879.581,31702646,942289.549,30652646,64.19,49.72
2/28/05,5501359,10219000,19000,10199397,286010000,85494,5065000,8799670.143,31563604,1612112.35,30463604,72.02,55.4
1/31/05,5446159,9997000,40000,9956839,270314000,14000,4878000,8691942.936,31454980,-160275.055,30354980,67.79,51.75
12/31/04,5510157,10101000,30000,10070545,285741000,179910.484,4915000,8875098.452,30821000,2397931.926,30150967.39,63.48,48.2
11/30/04,5423308,10238000,42000,10196690,288238000,177968,5124000,8846802,30629000,327074.534,29951238.63,57.35,43.45
10/31/04,5169999,10362000,25000,10336633,286666000,-121826.226,5018000,8484164,31154000,-1138026.958,30476238.63,64.61,49.13
9/30/04,5081476,9697000,35000,9662773,272951000,88217.333,4860000,8302037,31123501,-318641.218,30445739.63,68.12,51.76
8/31/04,5324889,10460000,13000,10446731,278644000,-30813.613,5550000,8722226.194,30607501,-81993.736,29929739.63,65.67,49.64
7/31/04,5484233,10298000,18000,10280766,294424000,147097.226,5132000,8734296.226,30871000,-1260313.401,30115509.88,55.85,42.12
6/30/04,5406938,10533000,45000,10487991,304845000,390570.667,5263000,8592893,30491500,-266746.121,29716009.88,58.08,43.8
5/31/04,5555955,10452000,26000,10425907,304508000,150330.71,5272000,8799678.097,30587000,-1768511.56,28585374.26,49.05,37.05
4/30/04,5560331,10115000,55000,10060109,303300000,321859.333,5050000,8812512,30984000,92614.362,28772374.26,53,39.88
3/31/04,5616620,10088000,19000,10069027,297348000,-308260.097,5181000,8875780.129,30856000,1335797.097,28799374.26,49.94,37.38
2/29/04,5571816,9317000,8000,9309130,284315000,460432.483,4498000,8826892.31,30683000,956491.477,28921374.26,47.95,35.76
1/31/04,5584915,9347000,6000,9340998,271606000,33667.097,4610000,8795207.097,30757000,-688370.676,28975374.26,48.78,36.16
12/31/03,5571451,9684000,4000,9680000,268875000,-150386.484,4650000,8822805.871,30398206.1,843395.201,28699601.99,44.85,33.05
11/30/03,5546554,9351000,21000,9330000,281226000,222112.667,4733000,8752953.667,30126425.02,-835939.555,28007289.18,44.32,32.52
10/31/03,5613544,10063000,14000,10049000,294644000,147068.903,4754000,8752284.871,30050487.74,429198.552,28010492.46,41.42,30.41
9/30/03,5609009,10287000,3000,10284000,286656000,-6209,4798000,8896109,29649487.74,359443.299,27388206.31,39.53,29.11
8/31/03,5573770,10023000,4000,10019065,279495000,115197.258,4347000,8696737.71,29112681.2,54459.859,26951843.02,39.62,29.2
7/31/03,5498445,10034000,7000,10027108,284922000,155737.323,4112000,8523478,28600439.23,1193396.743,26455576.49,42.97,31.57
6/30/03,5659077,10038000,45000,9992561,284594000,118228.667,4722000,8632943.667,28420914.56,1040063.416,26316375.28,41.72,30.54
5/31/03,5663475,10153000,15000,10138404,285523000,33250.032,5060000,8677410.71,28157301.49,-691067.061,27003821.39,41.3,30.19
4/30/03,5725816,9928000,12000,9915993,291375000,270724.333,5279000,8733349,27649155.98,-304942.298,26857421.09,40.47,29.56
3/31/03,5803461,9226000,10000,9216434,281587000,251846.935,4883000,8912686.871,28589164.58,-210726.676,27661635.59,35.27,25.8
2/28/03,5782863,8474000,5000,8468991,271086000,23467.429,3672000,8924434,29409000,3250922.223,27044054.6,42.34,31.04
1/31/03,5755227,8633000,10000,8622726,274045000,-150049.774,3873000,8871033.387,28579000,2851742.716,25746459.06,50.22,36.6
12/31/02,5721686,8741000,2000,8739308,277614000,204780.194,3774000,8924170.097,29326943,3969926.392,25342738.09,46.34,33.51
11/30/02,5623528,9654000,10000,9644340,288067000,-17101.333,4206000,8949929,31278895,1257728.61,27141452.33,43.34,31.2
10/31/02,5358216,9532000,4000,9528080,291471000,165736.258,4221000,8548700.581,31278895,837153.793,27069887.91,37.27,26.89
9/30/02,5411212,8797000,7000,8789736,270647000,-26781.333,3871000,8684145.667,31278895,780279.417,26318275.07,37.73,27.22
8/31/02,5795801,9544000,9000,9535376,296217000,-132209.258,4167000,9139252.419,31278895,1587440.044,25500113.42,42.26,30.45
7/31/02,5750818,9184000,33000,9151210,304274000,166133.29,3868000,8952204.065,31278895,1885611.133,25653549.1,40.28,28.98
6/30/02,5884388,9324000,5000,9318625,317554000,51287,3763000,9124021.333,31278895,1032625.684,25071693.23,37.69,27.02
5/31/02,5905054,9323000,7000,9315774,327029000,302591.355,3987000,9292731.065,31278895,-152551.663,25351219.83,37.52,26.86
4/30/02,5844439,9301000,8000,9293398,324649000,67196.333,4108000,9131839.667,31278895,1478347.966,24506141.85,35.36,25.31
3/31/02,5885822,8799000,8000,8790814,333504000,97170.452,4394000,9117434.936,31278895,1647961.384,25712402.95,38.12,27.29
2/28/02,5880913,8753000,4000,8748572,327357000,119693.571,4165000,9087807,31278895,2313357.887,25500721.66,36.97,26.31
1/31/02,5873430,8709000,11000,8698056,320302000,324481.742,4465000,9039042.226,31278895,1913210.358,25474411.42,30.72,21.74
12/31/01,5887461,8839000,12000,8826726,311980000,61103.323,4423000,9015234.807,31415851,1426294.508,25982003.21,27.64,19.48
11/30/01,5881376,9320000,9000,9311165,312190000,-155807.667,4462000,9242242.333,31415851,863300.628,26876735.82,28.21,19.84
10/31/01,5746111,9211000,11000,9199670,313234000,198025.452,4926000,9128496.871,31415851,552224.002,26966023.65,27.53,19.44
9/30/01,5708991,9339000,8000,9331070,309287000,44205.667,4960000,9001791.667,31415851,-613075.846,27010337.63,29.95,21.18
8/31/01,5725418,9383000,28000,9354812,307935000,19157.097,4763000,8915450.516,31415851,255120.608,27815475.22,33.01,23.43
7/31/01,5748633,9552000,11000,9541226,312883000,243592.613,4987000,8965181.29,31415851,-513116.103,27311265.85,38.49,27.2
6/30/01,5765791,9105000,15000,9089936,308249000,123773,4873000,8941458,31415851,1342855.839,26107948.33,37.29,26.35
5/31/01,5829427,9885000,64000,9821109,328364000,70754.323,5365000,9056717,31415851,-433608.347,27598713.54,37.04,26.25
4/30/01,5862633,10111000,5000,10106177,330577000,303623.333,5346000,8965633.333,31415851,-1157109.429,27848305.1,40.12,28.37
3/31/01,5880314,9603000,37000,9566004,308544000,63649.742,5131000,8975764.839,31415851,-232312.905,28519999.35,40.41,28.46
2/28/01,5780096,8609000,24000,8584923,282467000,24481,4389000,8824381.571,31415851,800510.842,27833004.11,37.49,26.29
1/31/01,5798925,8933000,18000,8915420,294327000,391332.419,4517000,8451956.226,31415851,715633.695,28235344.29,39.14,27.39
12/31/00,5855104,9229000,16000,9212941,285507000,-86432.097,4854000,8720330.581,31236635,1120437.217,28021354.88,41.13,28.66
11/30/00,5832669,8913000,2000,8910624,286441000,-1259.667,4612000,9086668.667,31236635,-2122862.619,29487596.92,38.7,26.8
10/31/00,5809030,8969000,9000,8960179,277879000,70661.968,4721000,9078127.71,31236635,-2226275.423,29543018.05,48.8,33.82
9/30/00,5757695,9484000,23000,9461065,277893000,-158860,4859000,9055728.333,31236635,-996614.25,29276491.86,47.22,32.7
8/31/00,5788734,9939000,17000,9921720,287287000,126675.032,5348000,9016508,31236635,-76530.094,29288858.81,44.59,30.84
7/31/00,5739362,9398000,15000,9382959,282190000,471679,4577000,8977522.258,31236635,-1903201.432,28309311.39,48.16,33.12
6/30/00,5822882,9533000,9000,9523596,290623000,142888.667,4861000,9080047.667,31236635,-912837.516,28012379.65,39.88,27.43
5/31/00,5846510,9085000,34000,9050732,294712000,302532.194,4150000,9141284.065,31236635,-1833287.668,28418590.8,47.35,32.5
4/30/00,5854166,9341000,124000,9217464,303833000,206236.667,4533000,9156032.667,31236635,-2384486.347,27891678.02,42.5,29.01
3/31/00,5918207,8790000,144000,8646480,297087000,412280.742,4379000,9238336.323,31236635,1639585.207,26998782.05,37.76,25.74
2/29/00,5851839,8318000,30000,8287982,285847000,-13821,4160000,9128459.517,31236635,2857775.263,27065515.64,39.46,26.9
1/31/00,5784376,7829000,176000,7653208,283877000,362448.258,3474000,9031085.419,31236635,-63383.649,26402534.12,45.04,30.43
12/31/99,5958573,8234000,133000,8100755,284482000,-156392.516,3878000,9318572.968,31458502,4987584.271,25248876.85,41.13,27.64
11/30/99,5960356,8224000,83000,8140509,298327000,306601.667,3843000,9213789.333,31458502,1513350.075,26114152.97,38.22,25.6
10/31/99,5947115,8613000,56000,8556566,304068000,-164.871,4020000,9257308.581,31458502,310526.908,26659211.68,36.71,24.59
9/30/99,5803771,8527000,27000,8499969,303516000,435160,4044000,9052338.333,31458502,538846.508,26584757.35,32.49,21.75
8/31/99,5780231,8908000,132000,8775673,315156000,177386.323,4427000,8966554.548,31458502,52535.877,26559767.19,36.67,24.51
7/31/99,5797999,9391000,120000,9271112,331867000,201727.71,4216000,8881031.032,31458502,-127061.317,26309910.69,33.23,22.11
6/30/99,5760265,8888000,123000,8765382,331721000,197919.667,4243000,8877332.333,31458502,1938135.795,25771643.58,30.94,20.53
5/31/99,5874910,9098000,88000,9009548,339987000,270864.581,4374000,8918942.419,31458502,-1969180.831,26284565.79,29.17,19.29
4/30/99,5887203,9256000,332000,8923930,335479000,-17733,4968000,8881136,31458502,-145786.63,26329068.12,25.46,16.84
3/31/99,5882633,8739000,95000,8643525,344998000,338842,4358000,8771987.323,31458502,2000970.267,27517911.05,28.21,18.66
2/28/99,5965517,8468000,119000,8348628,333621000,45212.143,4334000,8924266.429,31458502,1223178.937,27798011.95,25.53,16.76
1/31/99,5963356,8393000,107000,8285508,332210000,490329.548,4051000,8852549.807,31458502,-1067570.818,27267974.66,18.74,12.27
12/31/98,6043449,8352000,90000,8261914,323543000,249314.419,3868000,9003545.839,30927969,2109088.078,27159815.19,19.49,12.75
11/30/98,6139929,8940000,60000,8879534,335269000,73203.667,4161000,9269029.667,30927969,-232228.702,27424774.56,18.47,12.05
10/31/98,6142566,8667000,87000,8579758,330158000,-51743.355,4376000,9129081.936,30927969,-46104.5,27164602.56,17.19,11.22
9/30/98,5789212,8500000,34000,8465501,309773000,-44346.333,4057000,8758779,30927969,-1057234.569,27294622.87,22.09,14.42
8/31/98,6202641,9177000,51000,9125886,328992000,95698.806,4569000,9235414.581,30927969,-1450665.033,27204443.96,24.79,16.14
7/31/98,6194381,9507000,104000,9403063,338068000,143297.935,4716000,9021026.065,30927969,-1178235.227,27424822.27,20.52,13.34
6/30/98,6267266,8795000,63000,8732418,332276000,-134617.333,4261000,9331966.333,30927969,-2143607.302,27599376.12,21.87,14.21
5/31/98,6346905,8987000,144000,8843421,350875000,121899.806,4278000,9425969.387,30927969,-5133204.447,28114376.12,21.85,14.18
4/30/98,6482750,8985000,163000,8822083,351149000,335667,4205000,9555550.667,30927969,-3744892.709,28182726.45,23.45,15.2
3/31/98,6407711,8124000,99000,8024870,334484000,744451.258,4126000,9442871.194,30927969,-2312872.281,28255164.37,23.79,15.39
2/28/98,6475755,8045000,197000,7848066,317805000,-263428.143,3657000,9550255,30927969,-2308136.509,28271164.37,24.18,15.61
1/31/98,6540526,8339000,231000,8108476,316754000,59191.548,3703000,9628268.355,30927969,-3332649.373,27829366.76,23.96,15.44
12/31/97,6531108,7653000,131000,7522023,304690000,267352.871,3444000,9569011.807,29597585,1236372.152,26815843.74,26.76,17.21
11/30/97,6459282,8366000,32000,8333511,323522000,165073.667,3845000,9455082,29597585,-1313880.516,27186848.96,27.48,17.64
10/31/97,6467152,8927000,152000,8774825,315957000,4829.452,4134000,9519893.613,29597585,-765725.909,27406709.22,29.8,19.15
9/30/97,6485824,8840000,122000,8717828,303775000,199681,4168000,9558224,29597585,-1692576.48,27264739.86,32.78,21.08
8/31/97,6347386,8621000,110000,8510718,300911000,129540.903,4030000,9406869.968,29597585,-2776909.67,27238838.5,33.02,21.18
7/31/97,6409392,8178000,70000,8108144,309694000,135690,3662000,9466843.968,29597585,-258189.954,26103399.83,30.63,19.61
6/30/97,6441720,8759000,57000,8702077,320324000,-170263.333,4128000,9464753.667,29597585,-991936.277,26088837.83,31.52,20.14
5/31/97,6474261,8653000,26000,8627195,326279000,256092.581,4073000,9497228.807,29597585,-3024892.864,26527098.19,31.03,19.8
4/30/97,6441294,7987000,92000,7894593,319134000,167113,3818000,9412028.333,29597585,-1763826.103,26801864.02,32.76,20.88
3/31/97,6452047,7754000,136000,7617548,313219000,501663.387,3410000,9423950.032,29597585,-2228921.68,26547175.17,31.69,20.21
2/28/97,6514290,7434000,229000,7204917,297107000,-350385.571,3341000,9524754.143,29597585,50974.513,26356957.43,32.04,20.41
1/31/97,6402120,7492000,141000,7350633,300506000,377666.226,3237000,9232732.936,29597585,515668.505,26103902.35,31.95,20.3
12/31/96,6505965,7307000,96000,7210701,283853000,-152924.032,3166000,9621932.323,28083065,309466.692,26168587.47,38.13,24.15
11/30/96,6475602,7344000,172000,7171965,299296000,147033,3199000,9635269.333,28083065,306638.111,25648836.05,41.06,25.92
10/31/96,6480875,7701000,134000,7567323,307925000,419769.258,3504000,9514778,28083065,994655.669,25601551.12,37.62,23.75
9/30/96,6481855,7353000,147000,7206015,302116000,303696.667,3463000,9515454.333,28083065,-1135903.526,25453590.36,37.06,23.35
8/31/96,6360071,8041000,44000,7996559,313158000,54047.774,3865000,9366973.871,28083065,-318826.417,25392857.79,38.81,24.38
7/31/96,6337772,7800000,139000,7660839,308413000,121259.935,3718000,9326836.645,28083065,-922341.817,25411718.09,35.53,22.25
6/30/96,6458207,7958000,130000,7828364,314435000,593829,3432000,9369606,28083065,-2226414.098,25257876.97,32.67,20.42
5/31/96,6393798,8029000,37000,7992286,303927000,61980.29,3697000,9356023.742,28083065,-2029246.288,25109130.89,33.53,20.92
4/30/96,6443908,7371000,148000,7222729,303178000,663929.667,3245000,9429641,28083065,-1183395.194,25047358.99,31.7,19.76
3/31/96,6571459,7215000,94000,7120859,299657000,-25124.097,3427000,9506006.516,28083065,1149660.956,25250146.9,34.07,21.2
2/29/96,6576798,6612000,92000,6519809,301269000,412875.966,3133000,9347728.897,28083065,2998480.881,25152652.99,34.65,21.47
1/31/96,6495297,7303000,89000,7214217,303081000,21034.677,3371000,9345683.548,28083065,1251068.174,25059267.04,31.69,19.54
12/31/95,6529936,6916000,127000,6789479,303328000,192681.452,3416000,9370935.807,27797695,2017143.763,25085833.57,28.86,17.74
11/30/95,6585309,7302000,118000,7184328,318981000,333829.333,3695000,9483075,27797695,1476820.803,24974456.85,32,19.55
10/31/95,6421125,7075000,50000,7025226,311072000,328197.355,3610000,9284769.323,27797695,-996526.149,25309414.86,29.74,18.18
9/30/95,6416133,8007000,74000,7932533,305846000,-4199.333,3970000,9280999.333,27797695,-1418165.877,25074427.7,28.84,17.64
8/31/95,6446652,7437000,61000,7375548,307750000,206606.226,3471000,9271684.452,27797695,-1145676.878,25264765.66,28.77,17.54
7/31/95,6448772,7265000,103000,7162290,315599000,401906.194,3635000,9276997.226,27797695,-2901345.716,25023723.47,29.31,17.84
6/30/95,6578628,7927000,101000,7826056,327911000,5482.667,3833000,9392962.333,27797695,-593643.329,24708598.5,28.92,17.56
5/31/95,6629316,7325000,73000,7252226,332352000,296038.226,3487000,9496316,27797695,-2695515.76,25373604.86,28.66,17.4
4/30/95,6603716,7038000,155000,6882600,336445000,236217,3307000,9449883.333,27797695,-2037177.118,24848610.22,31.19,18.89
3/31/95,6600412,7391000,68000,7323300,339486000,-100969.613,3754000,9308186.71,27797695,1661484.715,24328618.7,33.71,20.38
2/28/95,6794452,6546000,95000,6451250,329083000,78262.714,3354000,9641595.429,27797695,1839989.505,24676588.95,31.8,19.17
1/31/95,6682180,6505000,113000,6392323,330463000,318174.065,3301000,9558308.613,27797695,-334499.582,24528809.41,30.79,18.49
12/31/94,6759693,7193000,118000,7074481,337245000,-164883.194,3840000,9724274.065,27959177,1751952.612,24744195.92,30.75,18.39
11/30/94,6628332,7034000,102000,6932118,346287000,516617,3488000,9571165,27959177,203106.787,24779368.53,29.8,17.76
10/31/94,6657985,7136000,138000,6998217,343237000,135507.29,3693000,9440404.484,27959177,-619669.128,24774610.92,30.29,18.05
9/30/94,6608804,7868000,61000,7806929,335327000,53900.333,3725000,9439337.667,27959177,-523416.786,24716834.58,30.56,18.19
8/31/94,6544152,7488000,72000,7415639,328519000,408564.194,3861000,9271410.161,27959177,101021.105,24252671.92,30.93,18.39
7/31/94,6500879,7857000,84000,7773143,332527000,226397.323,3861000,9331427.968,27908564,-1252105.26,24498346.69,29.61,17.56
6/30/94,6610590,7358000,107000,7250363,327933000,393313.333,3838000,9379855.667,27959177,-1102999.924,24632483.62,34.37,20.3
5/31/94,6688193,7198000,118000,7080258,331544000,259904.258,3771000,9339128.968,27959177,-2706335.628,24513404.04,32.89,19.37
4/30/94,6612102,6955000,120000,6835867,339391000,302264,3728000,9303302.667,27959177,-734538.343,24370063.76,31.18,18.31
3/31/94,6745622,6372000,41000,6331468,342345000,242361.355,3006000,9380460.548,27959177,880568.964,24520851.1,28.8,16.9
2/28/94,6770326,6313000,116000,6197498,335351000,77211.714,3237000,9313861.429,27959177,2352418.325,24477904.76,25.25,14.79
1/31/94,6816779,5945000,110000,5835290,338067000,733963.032,2892000,9454972.161,27959177,-658883.053,24493494.87,24.8,14.48